image,group_id
training/0.jpg,scene_6bc1f99f5e80
training/1.jpg,scene_d3830ef39dc2
training/10.jpg,scene_2cd94831566c
training/100.jpg,scene_26ba0313329c
training/101.jpg,scene_fb6ae9da5546
training/102.jpg,scene_6151e35a5c6a
training/103.jpg,scene_6151e35a5c6a
training/104.jpg,scene_e6f54f903a64
training/105.jpg,scene_09004a5715e8
training/106.jpg,scene_407c6a78c616
training/107.jpg,scene_a9935bb15003
training/108.jpg,scene_a4ec05571d9a
training/109.jpg,scene_7f337a74b6e5
training/11.jpg,scene_39ccf0f0755b
training/110.jpg,scene_445c5ffb94b5
training/111.jpg,scene_407c6a78c616
training/112.jpg,scene_94c8896b7af8
training/113.jpg,scene_403e31ef8788
training/114.jpg,scene_66f54f28e3fb
training/115.jpg,scene_6151e35a5c6a
training/116.jpg,scene_2d67707b601f
training/117.jpg,scene_5ef1ab6ed5c0
training/118.jpg,scene_6151e35a5c6a
training/119.jpg,scene_cde46f3e7a86
training/12.jpg,scene_5ef1ab6ed5c0
training/120.jpg,scene_b1c0fd27215b
training/121.jpg,scene_6151e35a5c6a
training/122.jpg,scene_5e357cb58bd7
training/123.jpg,scene_7c94bf55fa32
training/124.jpg,scene_af58d85624e5
training/125.jpg,scene_251c2c4514e0
training/126.jpg,scene_46bf3e740972
training/127.jpg,scene_a19c8acba06e
training/128.jpg,scene_3c1f9b4bc28f
training/129.jpg,scene_6151e35a5c6a
training/13.jpg,scene_77855972bdd9
training/130.jpg,scene_a77de6b7cab7
training/131.jpg,scene_5ef1ab6ed5c0
training/132.jpg,scene_a8f94085076d
training/133.jpg,scene_1774a4040113
training/134.jpg,scene_f6addf7ede47
training/135.jpg,scene_8b469906b912
training/136.jpg,scene_6151e35a5c6a
training/137.jpg,scene_6151e35a5c6a
training/138.jpg,scene_08822f6534dc
training/139.jpg,scene_f894eb3ac557
training/14.jpg,scene_88f9a116591e
training/140.jpg,scene_0ee33695d69b
training/141.jpg,scene_1881646c3271
training/142.jpg,scene_6151e35a5c6a
training/143.jpg,scene_6151e35a5c6a
training/144.jpg,scene_79c2a17f0a76
training/145.jpg,scene_fdfe66c2baf0
training/146.jpg,scene_6d76e6301375
training/147.jpg,scene_4abf60e4d71a
training/148.jpg,scene_1b56c790374a
training/149.jpg,scene_b80ee2ac694b
training/15.jpg,scene_4d01aa9ea92f
training/150.jpg,scene_5e357cb58bd7
training/151.jpg,scene_21c24f55301f
training/152.jpg,scene_6151e35a5c6a
training/153.jpg,scene_fc43ade772de
training/154.jpg,scene_b96f2fb59aa3
training/155.jpg,scene_6151e35a5c6a
training/156.jpg,scene_6151e35a5c6a
training/157.jpg,scene_f64569560f14
training/158.jpg,scene_6151e35a5c6a
training/159.jpg,scene_720531036cdb
training/16.jpg,scene_b56a69b93fab
training/160.jpg,scene_5e357cb58bd7
training/161.jpg,scene_4c0410d887bd
training/162.jpg,scene_6151e35a5c6a
training/163.jpg,scene_2a659c781e43
training/164.jpg,scene_07b2232ed8bb
training/165.jpg,scene_3276fcd4c4e0
training/166.jpg,scene_f06f6c8e966f
training/167.jpg,scene_817fe03ca6f5
training/168.jpg,scene_66c05777983b
training/169.jpg,scene_ee8c0803dd42
training/17.jpg,scene_af79a7657bde
training/170.jpg,scene_358ed824806a
training/171.jpg,scene_5e357cb58bd7
training/172.jpg,scene_45cd63b94a71
training/173.jpg,scene_54b08fbf06d1
training/174.jpg,scene_1505a39ac198
training/175.jpg,scene_39b70e78f05d
training/176.jpg,scene_aa2a00acdc9f
training/177.jpg,scene_d599e63db7c2
training/178.jpg,scene_b89c4a7a8937
training/179.jpg,scene_5e357cb58bd7
training/18.jpg,scene_7a82155a95db
training/180.jpg,scene_02c941c30e17
training/181.jpg,scene_90690a9a6013
training/182.jpg,scene_77390ae3fdcd
training/183.jpg,scene_39a92cf42e1b
training/184.jpg,scene_3de9c4cfaad7
training/185.jpg,scene_9170fd27cee1
training/186.jpg,scene_36e011f48104
training/187.jpg,scene_55ba0c955a7c
training/188.jpg,scene_5603f5f5be3e
training/189.jpg,scene_00caa74bde0f
training/19.jpg,scene_05c5c8695813
training/190.jpg,scene_a4b950220099
training/191.jpg,scene_5ef1ab6ed5c0
training/192.jpg,scene_11251c374891
training/193.jpg,scene_3f369b9dd947
training/194.jpg,scene_73ccb7571a6e
training/195.jpg,scene_76e118dd6202
training/196.jpg,scene_5e357cb58bd7
training/197.jpg,scene_ad24cf7c6bbf
training/198.jpg,scene_54ca11dde086
training/199.jpg,scene_d66beb3f4ed8
training/2.jpg,scene_25a6a31a2bb1
training/20.jpg,scene_bc5b6a9d03bf
training/200.jpg,scene_5e357cb58bd7
training/201.jpg,scene_5e357cb58bd7
training/202.jpg,scene_e446d5db5efb
training/203.jpg,scene_1c6f9ea4e5c8
training/204.jpg,scene_b2954221db40
training/205.jpg,scene_6151e35a5c6a
training/206.jpg,scene_5e357cb58bd7
training/207.jpg,scene_6151e35a5c6a
training/208.jpg,scene_a6b32abf1ef3
training/209.jpg,scene_5ef1ab6ed5c0
training/21.jpg,scene_f8e6e7accecc
training/210.jpg,scene_a359ef4d44c3
training/211.jpg,scene_27d129573557
training/212.jpg,scene_6ef7ca1eaaa7
training/213.jpg,scene_8c04680daa68
training/214.jpg,scene_671f635d7df5
training/215.jpg,scene_3c7ae146a485
training/216.jpg,scene_d25e58bdc616
training/217.jpg,scene_97fe27fce1c7
training/218.jpg,scene_e2ea3479808d
training/219.jpg,scene_22001ab65c2d
training/22.jpg,scene_6151e35a5c6a
training/220.jpg,scene_81752715e841
training/221.jpg,scene_039939133543
training/222.jpg,scene_3b53f1723179
training/223.jpg,scene_1df8ff24fc2e
training/224.jpg,scene_8c48d4e22725
training/225.jpg,scene_6151e35a5c6a
training/226.jpg,scene_340d045ecc43
training/227.jpg,scene_26382d4f8a60
training/228.jpg,scene_2a9ecf4cabfa
training/229.jpg,scene_4bac4e58d86f
training/23.jpg,scene_79c2a17f0a76
training/230.jpg,scene_1440e4ab59be
training/231.jpg,scene_49cbed8fdf35
training/232.jpg,scene_e446d5db5efb
training/233.jpg,scene_4557bc64c6e4
training/234.jpg,scene_5e357cb58bd7
training/235.jpg,scene_523ed85e8ca3
training/236.jpg,scene_7a10d00bec77
training/237.jpg,scene_13ea75bc5586
training/238.jpg,scene_85f6c98bf98b
training/239.jpg,scene_2e9b937ea621
training/24.jpg,scene_8f3da53db912
training/240.jpg,scene_eb21a28b9ac0
training/241.jpg,scene_5e357cb58bd7
training/242.jpg,scene_2a94dc47c666
training/243.jpg,scene_49cbed8fdf35
training/244.jpg,scene_6151e35a5c6a
training/245.jpg,scene_6151e35a5c6a
training/246.jpg,scene_b2027d4d3414
training/247.jpg,scene_6151e35a5c6a
training/248.jpg,scene_97f11fd6d76f
training/249.jpg,scene_0ddfa77c824d
training/25.jpg,scene_4219cae73c42
training/250.jpg,scene_6151e35a5c6a
training/251.jpg,scene_05c5c8695813
training/252.jpg,scene_5ef1ab6ed5c0
training/253.jpg,scene_5e357cb58bd7
training/254.jpg,scene_6151e35a5c6a
training/255.jpg,scene_6151e35a5c6a
training/256.jpg,scene_035979822a2a
training/257.jpg,scene_6231e30cb4b9
training/258.jpg,scene_e7f964cb7ce2
training/259.jpg,scene_6151e35a5c6a
training/26.jpg,scene_fb60ec56c22d
training/260.jpg,scene_bdc5ecdf5291
training/261.jpg,scene_6151e35a5c6a
training/262.jpg,scene_83f389d48050
training/263.jpg,scene_e61f4218e2d8
training/264.jpg,scene_064fb212fa65
training/265.jpg,scene_5e357cb58bd7
training/266.jpg,scene_4f8b058cf0a2
training/267.jpg,scene_1b6db456313a
training/268.jpg,scene_1d00e91da8ff
training/269.jpg,scene_79045b3dc9b3
training/27.jpg,scene_81ae6c859c3b
training/270.jpg,scene_6151e35a5c6a
training/271.jpg,scene_d3830ef39dc2
training/272.jpg,scene_01bdde93a729
training/273.jpg,scene_6d5c38b30e5b
training/274.jpg,scene_25504010048e
training/275.jpg,scene_6151e35a5c6a
training/276.jpg,scene_a3f229dd8bc2
training/277.jpg,scene_1302fd63241e
training/278.jpg,scene_5e357cb58bd7
training/279.jpg,scene_548ac0dbe3c1
training/28.jpg,scene_6151e35a5c6a
training/280.jpg,scene_5e357cb58bd7
training/281.jpg,scene_6151e35a5c6a
training/282.jpg,scene_8de9e7bf5924
training/283.jpg,scene_9ac0723541a5
training/284.jpg,scene_5e357cb58bd7
training/285.jpg,scene_47c3d518f1e7
training/286.jpg,scene_7c5585d0ba22
training/287.jpg,scene_6151e35a5c6a
training/288.jpg,scene_0c9272edd09d
training/289.jpg,scene_8bd1fd662538
training/29.jpg,scene_aa453811dce5
training/290.jpg,scene_1bde8efa23d2
training/291.jpg,scene_45b7425f3eee
training/292.jpg,scene_845859a8587f
training/293.jpg,scene_2e8f18bc1c83
training/294.jpg,scene_54eedc452048
training/295.jpg,scene_189f27c951e3
training/296.jpg,scene_86af06dd3292
training/297.jpg,scene_de13022affec
training/298.jpg,scene_5179fe42d1ec
training/299.jpg,scene_3a88bddc205f
training/3.jpg,scene_5e357cb58bd7
training/30.jpg,scene_14ed2a097bae
training/300.jpg,scene_6151e35a5c6a
training/301.jpg,scene_5e357cb58bd7
training/302.jpg,scene_6151e35a5c6a
training/303.jpg,scene_6151e35a5c6a
training/304.jpg,scene_55dbdb1e8187
training/305.jpg,scene_d8c7dd990f50
training/306.jpg,scene_5e357cb58bd7
training/307.jpg,scene_19c34d33b948
training/308.jpg,scene_333557742188
training/309.jpg,scene_564fa4626dc7
training/31.jpg,scene_bfc33fd8c0f7
training/310.jpg,scene_4424dd7f507b
training/311.jpg,scene_4c9692f8a9b3
training/312.jpg,scene_5e357cb58bd7
training/313.jpg,scene_02c6577c78ce
training/314.jpg,scene_39a92cf42e1b
training/315.jpg,scene_5787eae22c66
training/316.jpg,scene_6151e35a5c6a
training/317.jpg,scene_e5c486634675
training/318.jpg,scene_7cd2aa477087
training/319.jpg,scene_6151e35a5c6a
training/32.jpg,scene_5e357cb58bd7
training/320.jpg,scene_6151e35a5c6a
training/321.jpg,scene_19ec295f2755
training/322.jpg,scene_d3830ef39dc2
training/323.jpg,scene_a359ef4d44c3
training/324.jpg,scene_4b9ea1254ec7
training/325.jpg,scene_4791ca2f6286
training/326.jpg,scene_56979a0567d1
training/327.jpg,scene_400a188a3ec6
training/328.jpg,scene_5d486b838ebb
training/329.jpg,scene_407c6a78c616
training/33.jpg,scene_3478229255cd
training/330.jpg,scene_0b4e6ca2a132
training/331.jpg,scene_9da392987f91
training/332.jpg,scene_4585c472f77b
training/333.jpg,scene_6151e35a5c6a
training/334.jpg,scene_6151e35a5c6a
training/335.jpg,scene_b658544d1514
training/336.jpg,scene_4ad368898dea
training/337.jpg,scene_c65ee7d9cf1d
training/338.jpg,scene_5ef1ab6ed5c0
training/339.jpg,scene_6151e35a5c6a
training/34.jpg,scene_4f98aa618b91
training/340.jpg,scene_68cd1ad6995c
training/341.jpg,scene_5e357cb58bd7
training/342.jpg,scene_690927545e05
training/343.jpg,scene_6151e35a5c6a
training/344.jpg,scene_0c627eefb7d4
training/345.jpg,scene_9ec12ae2cd86
training/346.jpg,scene_d429ecca1a7e
training/347.jpg,scene_50774a6b2d5e
training/348.jpg,scene_e09910f1cf3b
training/349.jpg,scene_d0b2cac85f32
training/35.jpg,scene_07631786dd1a
training/350.jpg,scene_d3841265c62f
training/351.jpg,scene_f74d28d21521
training/352.jpg,scene_6151e35a5c6a
training/353.jpg,scene_6151e35a5c6a
training/354.jpg,scene_5e357cb58bd7
training/355.jpg,scene_6151e35a5c6a
training/356.jpg,scene_0358e97fee04
training/357.jpg,scene_aa537a8a4e0d
training/358.jpg,scene_5e357cb58bd7
training/359.jpg,scene_6151e35a5c6a
training/36.jpg,scene_bf96a8ae06a1
training/360.jpg,scene_407c6a78c616
training/361.jpg,scene_4aaf26b0da03
training/362.jpg,scene_82472464989b
training/363.jpg,scene_3f6eaddbb29e
training/364.jpg,scene_cc6143be60b9
training/365.jpg,scene_e0544f0a3b99
training/366.jpg,scene_5179fe42d1ec
training/367.jpg,scene_6151e35a5c6a
training/368.jpg,scene_e990bec5a5c0
training/369.jpg,scene_78ee2c63ab49
training/37.jpg,scene_5179fe42d1ec
training/370.jpg,scene_c606611a6357
training/371.jpg,scene_c8f8a0b4bd97
training/372.jpg,scene_407c6a78c616
training/373.jpg,scene_be37486f0484
training/374.jpg,scene_b36e53b79705
training/375.jpg,scene_5179fe42d1ec
training/376.jpg,scene_8d50d9e16e93
training/377.jpg,scene_a9e6d32809c3
training/378.jpg,scene_d875cbce50e7
training/379.jpg,scene_d816f945617c
training/38.jpg,scene_c60863c6762a
training/380.jpg,scene_ec008cd6eadc
training/381.jpg,scene_65bd32bfae9b
training/382.jpg,scene_300cdf26f953
training/383.jpg,scene_68cd1ad6995c
training/384.jpg,scene_6e6193ff867b
training/385.jpg,scene_53a06a747917
training/386.jpg,scene_5e357cb58bd7
training/387.jpg,scene_5e357cb58bd7
training/388.jpg,scene_80ef9c71ea14
training/389.jpg,scene_570ad91f8162
training/39.jpg,scene_9cb1bd5377de
training/390.jpg,scene_6151e35a5c6a
training/391.jpg,scene_f4a1a643bbd7
training/392.jpg,scene_70194d829d08
training/393.jpg,scene_56552a2e096d
training/394.jpg,scene_6151e35a5c6a
training/395.jpg,scene_011cef49a297
training/396.jpg,scene_eb61c72accce
training/397.jpg,scene_d502f4111a47
training/398.jpg,scene_cfedd57da61f
training/399.jpg,scene_9f2c4e5edc9d
training/4.jpg,scene_3265faab585a
training/40.jpg,scene_0bc964bf6f96
training/400.jpg,scene_5e357cb58bd7
training/401.jpg,scene_943d92319c84
training/402.jpg,scene_6151e35a5c6a
training/403.jpg,scene_18b13081f781
training/404.jpg,scene_189f27c951e3
training/405.jpg,scene_b2fa4943ba22
training/406.jpg,scene_6151e35a5c6a
training/407.jpg,scene_09bf33c9bc40
training/408.jpg,scene_eaec44b14da5
training/409.jpg,scene_171afd01109f
training/41.jpg,scene_6151e35a5c6a
training/410.jpg,scene_1b85bdab534b
training/411.jpg,scene_5ef1ab6ed5c0
training/412.jpg,scene_0c4e935cb439
training/413.jpg,scene_d6d7597bc285
training/414.jpg,scene_1302fd63241e
training/415.jpg,scene_d566fa8b25d6
training/416.jpg,scene_400a188a3ec6
training/417.jpg,scene_6151e35a5c6a
training/418.jpg,scene_131a5851f572
training/419.jpg,scene_1a722c01692b
training/42.jpg,scene_d3830ef39dc2
training/420.jpg,scene_5e89a87efc78
training/421.jpg,scene_bfcf5c1791dc
training/422.jpg,scene_6151e35a5c6a
training/423.jpg,scene_6151e35a5c6a
training/424.jpg,scene_6151e35a5c6a
training/425.jpg,scene_5e357cb58bd7
training/426.jpg,scene_8acb6d9f806a
training/427.jpg,scene_6151e35a5c6a
training/428.jpg,scene_6151e35a5c6a
training/429.jpg,scene_6151e35a5c6a
training/43.jpg,scene_407c6a78c616
training/430.jpg,scene_d66beb3f4ed8
training/431.jpg,scene_469ee0294887
training/432.jpg,scene_522f785ad091
training/433.jpg,scene_6151e35a5c6a
training/434.jpg,scene_5e357cb58bd7
training/435.jpg,scene_6151e35a5c6a
training/436.jpg,scene_f335fdae23ff
training/437.jpg,scene_5e357cb58bd7
training/438.jpg,scene_af58d85624e5
training/439.jpg,scene_9c411af6283a
training/44.jpg,scene_36a8196d7b0b
training/440.jpg,scene_51df4f43a12a
training/441.jpg,scene_6151e35a5c6a
training/442.jpg,scene_6d51ccd084a5
training/443.jpg,scene_2d655ce7ca19
training/444.jpg,scene_5e357cb58bd7
training/445.jpg,scene_307fbce308d7
training/446.jpg,scene_7fbfb1777e72
training/447.jpg,scene_7fe2af9c52a6
training/448.jpg,scene_6151e35a5c6a
training/449.jpg,scene_a315a0b44b2f
training/45.jpg,scene_b9ab105ebf12
training/450.jpg,scene_8bd077062054
training/451.jpg,scene_407c6a78c616
training/452.jpg,scene_14ed2a097bae
training/453.jpg,scene_eed890563ff6
training/454.jpg,scene_b80809afa0b3
training/455.jpg,scene_2df092370f3c
training/456.jpg,scene_3428afda4f05
training/457.jpg,scene_ef92abe85b26
training/458.jpg,scene_26efb4d0a13b
training/459.jpg,scene_6151e35a5c6a
training/46.jpg,scene_018e5c3c6a4e
training/460.jpg,scene_1abc5d9d2247
training/461.jpg,scene_3478229255cd
training/462.jpg,scene_5e357cb58bd7
training/463.jpg,scene_14ed2a097bae
training/464.jpg,scene_2c99403e27ca
training/465.jpg,scene_4605aaeb596e
training/466.jpg,scene_17e7fdfb3d1e
training/467.jpg,scene_707696c03327
training/468.jpg,scene_8d7f0b003872
training/469.jpg,scene_66f54f28e3fb
training/47.jpg,scene_fc7cc46490dd
training/470.jpg,scene_5ef1ab6ed5c0
training/471.jpg,scene_6151e35a5c6a
training/472.jpg,scene_6151e35a5c6a
training/473.jpg,scene_200ad5247579
training/474.jpg,scene_3864832086ac
training/475.jpg,scene_d9f747eaa5c8
training/476.jpg,scene_3478229255cd
training/477.jpg,scene_0503dd4f0527
training/478.jpg,scene_6151e35a5c6a
training/479.jpg,scene_eef27058bbc9
training/48.jpg,scene_632b0c405c0c
training/480.jpg,scene_4a67828e1cee
training/481.jpg,scene_63093e16fd3c
training/482.jpg,scene_338e22993cdd
training/483.jpg,scene_0e3859c9a29b
training/484.jpg,scene_d6e2681d40a1
training/485.jpg,scene_755b43d31cf4
training/486.jpg,scene_6151e35a5c6a
training/487.jpg,scene_7e40194586e2
training/488.jpg,scene_922a7c49b7a8
training/489.jpg,scene_68e540ce0d6c
training/49.jpg,scene_37859a317ed8
training/490.jpg,scene_4ab60062682a
training/491.jpg,scene_1e57c7808961
training/492.jpg,scene_5e357cb58bd7
training/493.jpg,scene_2fe3cdcbb0e8
training/494.jpg,scene_6151e35a5c6a
training/495.jpg,scene_520c7579d527
training/496.jpg,scene_6151e35a5c6a
training/497.jpg,scene_cb4dee30feae
training/498.jpg,scene_6151e35a5c6a
training/499.jpg,scene_5ef1ab6ed5c0
training/5.jpg,scene_3478229255cd
training/50.jpg,scene_be804f4302b8
training/500.jpg,scene_d602f7228145
training/501.jpg,scene_5e357cb58bd7
training/502.jpg,scene_6151e35a5c6a
training/503.jpg,scene_6151e35a5c6a
training/504.jpg,scene_5e357cb58bd7
training/505.jpg,scene_5e357cb58bd7
training/506.jpg,scene_e13f19c018d4
training/507.jpg,scene_53da5ef1eab3
training/508.jpg,scene_5ef1ab6ed5c0
training/509.jpg,scene_9fc4709adb53
training/51.jpg,scene_e0fb784393bc
training/510.jpg,scene_188752834381
training/511.jpg,scene_a359ef4d44c3
training/512.jpg,scene_cfedd57da61f
training/513.jpg,scene_400a188a3ec6
training/514.jpg,scene_1dbcb5fbe5bc
training/515.jpg,scene_7e822dbc6b3c
training/516.jpg,scene_e968546cc868
training/517.jpg,scene_34ec1ad8d18b
training/518.jpg,scene_406da335b44a
training/519.jpg,scene_6ef7ca1eaaa7
training/52.jpg,scene_4c18b9352323
training/520.jpg,scene_85d2a4afef86
training/521.jpg,scene_66f54f28e3fb
training/522.jpg,scene_46bf3e740972
training/523.jpg,scene_5e357cb58bd7
training/524.jpg,scene_b306f9549652
training/525.jpg,scene_a25e2573571d
training/526.jpg,scene_fe0f6fd68ddd
training/527.jpg,scene_1bf7038467a7
training/528.jpg,scene_91ef85134b50
training/529.jpg,scene_5ee6b03bc097
training/53.jpg,scene_283e3818e47d
training/530.jpg,scene_ddde7eb7c5c0
training/531.jpg,scene_54b61a0f2bb7
training/532.jpg,scene_8b728386e77b
training/533.jpg,scene_72700c24e0b9
training/534.jpg,scene_6151e35a5c6a
training/535.jpg,scene_6151e35a5c6a
training/536.jpg,scene_77e2055dd46e
training/537.jpg,scene_9b95de7cece6
training/538.jpg,scene_6ca4a44a49e4
training/539.jpg,scene_388be0ce882d
training/54.jpg,scene_5e357cb58bd7
training/540.jpg,scene_c67779fe71f0
training/541.jpg,scene_0f66f20f0dfd
training/542.jpg,scene_3f027c86b321
training/543.jpg,scene_6151e35a5c6a
training/544.jpg,scene_8810d99a68cd
training/545.jpg,scene_6151e35a5c6a
training/546.jpg,scene_6b6ba7c2af10
training/547.jpg,scene_fe8d156b0681
training/548.jpg,scene_6151e35a5c6a
training/549.jpg,scene_358795ceaa8b
training/55.jpg,scene_6151e35a5c6a
training/550.jpg,scene_6151e35a5c6a
training/551.jpg,scene_6151e35a5c6a
training/552.jpg,scene_407192776b15
training/553.jpg,scene_6da7af4afdd6
training/554.jpg,scene_1c835006bd4f
training/555.jpg,scene_8ad295d7570f
training/556.jpg,scene_c7ff26991c09
training/557.jpg,scene_6151e35a5c6a
training/558.jpg,scene_6da7af4afdd6
training/559.jpg,scene_6151e35a5c6a
training/56.jpg,scene_ca1e5ab7c7b9
training/560.jpg,scene_d5173aba7141
training/561.jpg,scene_8810d99a68cd
training/562.jpg,scene_6151e35a5c6a
training/563.jpg,scene_6151e35a5c6a
training/564.jpg,scene_eae6ed28e09c
training/565.jpg,scene_d034dce2d8fc
training/566.jpg,scene_9a72b7b6e26b
training/567.jpg,scene_fb8020b0e5da
training/568.jpg,scene_6151e35a5c6a
training/569.jpg,scene_6151e35a5c6a
training/57.jpg,scene_1635c92990b0
training/570.jpg,scene_6151e35a5c6a
training/571.jpg,scene_6151e35a5c6a
training/572.jpg,scene_5ee6b03bc097
training/573.jpg,scene_a6efcc462e37
training/574.jpg,scene_4c36bf3965c1
training/575.jpg,scene_407192776b15
training/576.jpg,scene_affe01246bc1
training/577.jpg,scene_6151e35a5c6a
training/578.jpg,scene_6151e35a5c6a
training/579.jpg,scene_a3eb55a94730
training/58.jpg,scene_c07c2c42c648
training/580.jpg,scene_616948d038ca
training/581.jpg,scene_1c835006bd4f
training/582.jpg,scene_771cf7d0f8b8
training/583.jpg,scene_6151e35a5c6a
training/584.jpg,scene_b9b0630685d2
training/585.jpg,scene_f00156582c05
training/586.jpg,scene_c934768d9906
training/587.jpg,scene_6151e35a5c6a
training/588.jpg,scene_919ac0158c14
training/589.jpg,scene_6151e35a5c6a
training/59.jpg,scene_09d03cee2703
training/590.jpg,scene_6151e35a5c6a
training/591.jpg,scene_5b1b037b9b75
training/592.jpg,scene_82c32dc6caae
training/593.jpg,scene_6151e35a5c6a
training/594.jpg,scene_b38a9da3f849
training/595.jpg,scene_d47f408c96cc
training/596.jpg,scene_6f27d88a8b8a
training/597.jpg,scene_fb8020b0e5da
training/598.jpg,scene_50b47c2e0e98
training/599.jpg,scene_affe01246bc1
training/6.jpg,scene_0f8054d4502d
training/60.jpg,scene_5179fe42d1ec
training/600.jpg,scene_d5173aba7141
training/601.jpg,scene_6151e35a5c6a
training/602.jpg,scene_5aa1f93b1972
training/603.jpg,scene_f099b3b01dca
training/604.jpg,scene_9c5e2557ed73
training/605.jpg,scene_60495c211eb5
training/606.jpg,scene_67c1d6c606dd
training/607.jpg,scene_9b95de7cece6
training/608.jpg,scene_6151e35a5c6a
training/609.jpg,scene_6151e35a5c6a
training/61.jpg,scene_46f8dd76fcf7
training/610.jpg,scene_e46ea1d91c14
training/611.jpg,scene_6151e35a5c6a
training/612.jpg,scene_6151e35a5c6a
training/613.jpg,scene_4c36bf3965c1
training/614.jpg,scene_a85fc61905b6
training/615.jpg,scene_6151e35a5c6a
training/616.jpg,scene_6151e35a5c6a
training/617.jpg,scene_6151e35a5c6a
training/618.jpg,scene_af62ba25da70
training/619.jpg,scene_6151e35a5c6a
training/62.jpg,scene_a359ef4d44c3
training/620.jpg,scene_383052cfd4aa
training/621.jpg,scene_f00156582c05
training/622.jpg,scene_72a4fec5457a
training/623.jpg,scene_6151e35a5c6a
training/624.jpg,scene_b9b0630685d2
training/625.jpg,scene_50b47c2e0e98
training/626.jpg,scene_6151e35a5c6a
training/627.jpg,scene_347516543e20
training/628.jpg,scene_6151e35a5c6a
training/629.jpg,scene_388be0ce882d
training/63.jpg,scene_e3695cb8ec55
training/630.jpg,scene_14c5eaa863e1
training/631.jpg,scene_7122227e39c2
training/632.jpg,scene_6151e35a5c6a
training/633.jpg,scene_a6efcc462e37
training/634.jpg,scene_6151e35a5c6a
training/635.jpg,scene_6151e35a5c6a
training/636.jpg,scene_6151e35a5c6a
training/637.jpg,scene_6151e35a5c6a
training/638.jpg,scene_6151e35a5c6a
training/639.jpg,scene_8ad295d7570f
training/64.jpg,scene_7df4cf38d819
training/640.jpg,scene_347516543e20
training/641.jpg,scene_8b728386e77b
training/642.jpg,scene_8643b1f73bf1
training/643.jpg,scene_d18742a38feb
training/644.jpg,scene_6151e35a5c6a
training/645.jpg,scene_358795ceaa8b
training/646.jpg,scene_1b502ec93b97
training/647.jpg,scene_5faa7ca0f311
training/648.jpg,scene_6151e35a5c6a
training/649.jpg,scene_d9a7d8fb456b
training/65.jpg,scene_6151e35a5c6a
training/650.jpg,scene_6151e35a5c6a
training/651.jpg,scene_ede8f7eacb23
training/652.jpg,scene_6151e35a5c6a
training/653.jpg,scene_1c2f974ad90c
training/66.jpg,scene_6151e35a5c6a
training/67.jpg,scene_e31d979af33b
training/68.jpg,scene_d29be40b4b32
training/69.jpg,scene_5e357cb58bd7
training/7.jpg,scene_6151e35a5c6a
training/70.jpg,scene_6151e35a5c6a
training/71.jpg,scene_ca1e5ab7c7b9
training/72.jpg,scene_2a0bf1d9c857
training/73.jpg,scene_6151e35a5c6a
training/74.jpg,scene_2fa6163595bb
training/75.jpg,scene_aef97847e8cc
training/76.jpg,scene_b731bbed00e6
training/77.jpg,scene_6151e35a5c6a
training/78.jpg,scene_5e357cb58bd7
training/79.jpg,scene_5179fe42d1ec
training/8.jpg,scene_34ecb179c341
training/80.jpg,scene_81752715e841
training/81.jpg,scene_54ca11dde086
training/82.jpg,scene_18e559c5de5f
training/83.jpg,scene_46bf3e740972
training/84.jpg,scene_9ce4b9953f33
training/85.jpg,scene_5ef1ab6ed5c0
training/86.jpg,scene_0f6acb4619d1
training/87.jpg,scene_f8dbe8ffc55a
training/88.jpg,scene_2e7c2f3c74ef
training/89.jpg,scene_5e357cb58bd7
training/9.jpg,scene_6151e35a5c6a
training/90.jpg,scene_4a27275a013a
training/91.jpg,scene_5e357cb58bd7
training/92.jpg,scene_8fa39c67fedc
training/93.jpg,scene_708a3c062304
training/94.jpg,scene_0011e9984956
training/95.jpg,scene_6151e35a5c6a
training/96.jpg,scene_8e6d1639bc31
training/97.jpg,scene_a8d72d5975d5
training/98.jpg,scene_3a1ca50d5430
training/99.jpg,scene_d62571d461e3
validation/0.jpg,scene_a87b323163d1
validation/1.jpg,scene_54f1bb86145f
validation/10.jpg,scene_ea2c63fd4aa2
validation/100.jpg,scene_131a5851f572
validation/101.jpg,scene_400820426420
validation/102.jpg,scene_469ee0294887
validation/103.jpg,scene_676ed7e655ef
validation/104.jpg,scene_ccb7769ca5ef
validation/105.jpg,scene_6cad4b1f0d3f
validation/106.jpg,scene_7fe2af9c52a6
validation/107.jpg,scene_34f79662b6e6
validation/108.jpg,scene_1abc5d9d2247
validation/109.jpg,scene_4605aaeb596e
validation/11.jpg,scene_a69f6a003328
validation/110.jpg,scene_126609de6dde
validation/111.jpg,scene_eef27058bbc9
validation/112.jpg,scene_0f99b2bf60a0
validation/113.jpg,scene_1c56d04b6b26
validation/114.jpg,scene_0e3859c9a29b
validation/115.jpg,scene_fcae88e91ce6
validation/116.jpg,scene_755b43d31cf4
validation/117.jpg,scene_2fe3cdcbb0e8
validation/118.jpg,scene_520c7579d527
validation/119.jpg,scene_e13f19c018d4
validation/12.jpg,scene_837cb082e99f
validation/120.jpg,scene_7e822dbc6b3c
validation/121.jpg,scene_fe0f6fd68ddd
validation/122.jpg,scene_ea2b976b851c
validation/123.jpg,scene_700c4c154a1d
validation/124.jpg,scene_b44f40e5ce2d
validation/125.jpg,scene_988c6e7e0639
validation/126.jpg,scene_6151e35a5c6a
validation/127.jpg,scene_c67779fe71f0
validation/128.jpg,scene_6151e35a5c6a
validation/129.jpg,scene_340d045ecc43
validation/13.jpg,scene_07631786dd1a
validation/130.jpg,scene_d15b1a23315c
validation/131.jpg,scene_5faa7ca0f311
validation/132.jpg,scene_6151e35a5c6a
validation/133.jpg,scene_080f638c6b98
validation/134.jpg,scene_6151e35a5c6a
validation/135.jpg,scene_72a4fec5457a
validation/136.jpg,scene_3745d3f65c88
validation/137.jpg,scene_5e357cb58bd7
validation/138.jpg,scene_6151e35a5c6a
validation/139.jpg,scene_6151e35a5c6a
validation/14.jpg,scene_bf96a8ae06a1
validation/140.jpg,scene_7b963e86318e
validation/141.jpg,scene_6151e35a5c6a
validation/142.jpg,scene_c0c6a35f8ef4
validation/143.jpg,scene_b78f263a3418
validation/144.jpg,scene_53117c07198e
validation/145.jpg,scene_68cd1ad6995c
validation/146.jpg,scene_6151e35a5c6a
validation/147.jpg,scene_6151e35a5c6a
validation/148.jpg,scene_5e357cb58bd7
validation/149.jpg,scene_6b6ba7c2af10
validation/15.jpg,scene_83eb6487c509
validation/150.jpg,scene_6151e35a5c6a
validation/151.jpg,scene_6151e35a5c6a
validation/152.jpg,scene_91c7058b082d
validation/153.jpg,scene_736ce7bc5ae7
validation/154.jpg,scene_7b963e86318e
validation/155.jpg,scene_5e357cb58bd7
validation/156.jpg,scene_6151e35a5c6a
validation/157.jpg,scene_6151e35a5c6a
validation/158.jpg,scene_2655cfd4dda5
validation/16.jpg,scene_f7954cffc371
validation/17.jpg,scene_8dd885c44d72
validation/18.jpg,scene_366ed5500626
validation/19.jpg,scene_be804f4302b8
validation/2.jpg,scene_34ecb179c341
validation/20.jpg,scene_4c18b9352323
validation/21.jpg,scene_c07c2c42c648
validation/22.jpg,scene_46f8dd76fcf7
validation/23.jpg,scene_7df4cf38d819
validation/24.jpg,scene_2a0bf1d9c857
validation/25.jpg,scene_f3c3a18fdaba
validation/26.jpg,scene_b731bbed00e6
validation/27.jpg,scene_413dd3d51ab7
validation/28.jpg,scene_2e7c2f3c74ef
validation/29.jpg,scene_3a1ca50d5430
validation/3.jpg,scene_9b93bdb7561e
validation/30.jpg,scene_ab30fd3b27a0
validation/31.jpg,scene_d1885a335469
validation/32.jpg,scene_2d67707b601f
validation/33.jpg,scene_b1c0fd27215b
validation/34.jpg,scene_7c94bf55fa32
validation/35.jpg,scene_8b469906b912
validation/36.jpg,scene_08822f6534dc
validation/37.jpg,scene_f894eb3ac557
validation/38.jpg,scene_0ee33695d69b
validation/39.jpg,scene_0f3a748596ad
validation/4.jpg,scene_e17760986279
validation/40.jpg,scene_b96f2fb59aa3
validation/41.jpg,scene_971b6e50714d
validation/42.jpg,scene_1034c67f73e6
validation/43.jpg,scene_2a659c781e43
validation/44.jpg,scene_358ed824806a
validation/45.jpg,scene_565da288bd48
validation/46.jpg,scene_45cd63b94a71
validation/47.jpg,scene_1505a39ac198
validation/48.jpg,scene_4fe97c89318b
validation/49.jpg,scene_90690a9a6013
validation/5.jpg,scene_39ccf0f0755b
validation/50.jpg,scene_745cf76d8515
validation/51.jpg,scene_00caa74bde0f
validation/52.jpg,scene_00e9ae06e7b4
validation/53.jpg,scene_5a041ba1e529
validation/54.jpg,scene_73ccb7571a6e
validation/55.jpg,scene_7ac429f2ae18
validation/56.jpg,scene_3dddc4a7e9b1
validation/57.jpg,scene_22001ab65c2d
validation/58.jpg,scene_2061184224e7
validation/59.jpg,scene_3f478f49d954
validation/6.jpg,scene_77855972bdd9
validation/60.jpg,scene_1df8ff24fc2e
validation/61.jpg,scene_4bac4e58d86f
validation/62.jpg,scene_2af38bfbecd6
validation/63.jpg,scene_1440e4ab59be
validation/64.jpg,scene_523ed85e8ca3
validation/65.jpg,scene_85f6c98bf98b
validation/66.jpg,scene_2a94dc47c666
validation/67.jpg,scene_e7f964cb7ce2
validation/68.jpg,scene_bdc5ecdf5291
validation/69.jpg,scene_614e08aa248b
validation/7.jpg,scene_5bca0a81254c
validation/70.jpg,scene_af8081fb6810
validation/71.jpg,scene_b5c7d2826f5a
validation/72.jpg,scene_0c9272edd09d
validation/73.jpg,scene_5e7549348fd0
validation/74.jpg,scene_45b7425f3eee
validation/75.jpg,scene_882c2736cb57
validation/76.jpg,scene_de13022affec
validation/77.jpg,scene_9608d20221dd
validation/78.jpg,scene_4c9692f8a9b3
validation/79.jpg,scene_7cd2aa477087
validation/8.jpg,scene_6af3a7d716b2
validation/80.jpg,scene_19ec295f2755
validation/81.jpg,scene_4791ca2f6286
validation/82.jpg,scene_d9ab98595863
validation/83.jpg,scene_b658544d1514
validation/84.jpg,scene_16ed8b022d46
validation/85.jpg,scene_c65ee7d9cf1d
validation/86.jpg,scene_a0714ad65ce2
validation/87.jpg,scene_690927545e05
validation/88.jpg,scene_5b49692679d0
validation/89.jpg,scene_754248d40d45
validation/9.jpg,scene_35e7350d7050
validation/90.jpg,scene_4aaf26b0da03
validation/91.jpg,scene_82472464989b
validation/92.jpg,scene_bdd65e22e936
validation/93.jpg,scene_7dd9609f28d7
validation/94.jpg,scene_c8f8a0b4bd97
validation/95.jpg,scene_809ebdd81600
validation/96.jpg,scene_45b7425f3eee
validation/97.jpg,scene_8591b0d3081d
validation/98.jpg,scene_0111a917847a
validation/99.jpg,scene_0c4e935cb439
